Time Elapsed/s,Agent Population,Food Population
0.0,1,1
1.0,1,1
2.0,1,2
3.0,1,3
4.0,1,3
5.0,1,3
6.0,1,3
7.0,1,3
8.0,1,4
9.0,1,4
10.0,1,4
11.0,1,5
12.0,1,5
13.0,1,5
14.0,1,5
15.0,1,5
16.0,1,5
17.0,1,5
18.0,1,5
19.0,1,5
20.0,1,7
21.0,1,7
22.0,1,7
23.0,1,7
24.0,1,7
25.0,1,8
26.0,1,9
27.0,1,9
28.0,1,9
29.0,1,10
30.0,1,10
31.0,1,11
32.0,1,12
33.0,1,12
34.0,1,12
35.0,1,12
36.0,1,12
37.0,1,12
38.0,1,12
39.0,1,13
40.0,1,14
41.0,1,14
42.0,1,15
43.0,1,15
44.0,1,15
45.0,1,15
46.0,1,15
47.0,1,15
48.0,1,16
49.0,1,17
50.0,1,17
51.0,1,17
52.0,1,18
53.0,1,18
54.0,1,18
55.0,1,18
56.0,1,19
57.0,1,19
58.0,1,20
59.0,1,20
60.0,1,22
61.0,1,23
62.0,1,23
63.0,1,25
64.0,1,25
65.0,1,25
66.0,1,25
67.0,1,25
68.0,1,27
69.0,1,27
70.0,1,27
71.0,1,28
72.0,1,28
73.0,1,28
74.0,1,28
75.0,1,29
76.0,1,30
77.0,1,30
78.0,1,30
79.0,1,30
80.0,1,31
81.0,1,32
82.0,1,33
83.0,1,34
84.0,1,34
85.0,1,34
86.0,1,34
87.0,1,34
88.0,1,34
89.0,1,35
90.0,1,36
91.0,1,36
92.0,1,36
93.0,1,36
94.0,1,38
95.0,1,39
96.0,1,39
97.0,1,39
98.0,1,39
99.0,1,39
100.0,1,39
101.0,1,40
102.0,1,40
103.0,1,41
104.0,1,42
105.0,1,43
106.0,1,44
107.0,1,44
108.0,1,45
109.0,1,45
110.0,1,46
111.0,1,46
112.0,1,46
113.0,1,46
114.0,1,47
115.0,1,48
116.0,1,49
117.0,1,49
118.0,1,49
119.0,1,50
120.0,1,50
121.0,1,51
122.0,1,52
123.0,1,53
124.0,1,54
125.0,1,54
126.0,1,54
127.0,1,54
128.0,1,54
129.0,1,54
130.0,1,54
131.0,1,54
132.0,1,56
133.0,1,56
134.0,1,57
135.0,1,57
136.0,1,57
137.0,1,57
138.0,1,57
139.0,1,58
140.0,1,60
141.0,1,61
142.0,1,63
143.0,1,63
144.0,1,64
145.0,1,64
146.0,1,64
147.0,1,65
148.0,1,66
149.0,1,66
150.0,1,66
151.0,1,66
152.0,1,66
153.0,1,68
154.0,1,68
155.0,1,68
156.0,1,68
157.0,1,70
158.0,1,71
159.0,1,71
160.0,1,72
161.0,1,73
162.0,1,73
163.0,1,75
164.0,1,75
165.0,1,75
166.0,1,75
167.0,1,75
168.0,1,77
169.0,1,77
170.0,1,78
171.0,1,78
172.0,1,79
173.0,1,81
174.0,1,81
175.0,1,81
176.0,1,82
177.0,1,82
178.0,1,82
179.0,1,82
180.0,1,82
181.0,1,84
182.0,1,86
183.0,1,89
184.0,1,89
185.0,1,89
186.0,1,89
187.0,1,89
188.0,1,90
189.0,1,91
190.0,1,92
191.0,1,92
192.0,1,92
193.0,1,93
194.0,1,94
195.0,1,94
196.0,1,94
197.0,1,95
198.0,1,95
199.0,1,95
200.0,1,96
201.0,1,96
202.0,1,97
203.0,2,96
204.0,2,96
205.0,2,96
206.0,2,98
207.0,2,98
208.0,2,98
209.0,2,98
210.0,2,98
211.0,2,98
212.0,2,98
213.0,2,99
214.0,2,99
215.0,2,99
216.0,2,99
217.0,3,98
218.0,3,98
219.0,3,99
220.0,3,99
221.0,3,100
222.0,3,102
223.0,3,102
224.0,3,102
225.0,3,102
226.0,3,102
227.0,3,102
228.0,3,104
229.0,3,106
230.0,3,107
231.0,3,109
232.0,3,108
233.0,3,108
234.0,3,108
235.0,3,108
236.0,3,109
237.0,3,109
238.0,3,109
239.0,3,109
240.0,3,109
241.0,3,110
242.0,3,111
243.0,3,111
244.0,3,111
245.0,3,111
246.0,3,112
247.0,3,112
248.0,3,112
249.0,3,111
250.0,3,111
251.0,3,110
252.0,3,110
253.0,5,108
254.0,5,109
255.0,5,110
256.0,5,110
257.0,5,110
258.0,5,110
259.0,5,110
260.0,5,108
261.0,5,107
262.0,6,106
263.0,6,106
264.0,6,105
265.0,6,103
266.0,7,102
267.0,7,102
268.0,7,102
269.0,7,102
270.0,7,102
271.0,7,103
272.0,8,103
273.0,9,101
274.0,9,101
275.0,9,102
276.0,9,101
277.0,11,99
278.0,11,98
279.0,11,98
280.0,11,98
281.0,12,98
282.0,12,97
283.0,13,96
284.0,13,96
285.0,14,96
286.0,14,95
287.0,14,95
288.0,15,95
289.0,15,93
290.0,15,94
291.0,16,92
292.0,16,90
293.0,16,91
294.0,16,91
295.0,16,89
296.0,17,88
297.0,18,87
298.0,18,89
299.0,18,88
300.0,18,88
301.0,18,87
302.0,19,83
303.0,20,82
304.0,20,81
305.0,20,82
306.0,23,78
307.0,24,75
308.0,25,72
309.0,26,71
310.0,28,67
311.0,28,66
312.0,30,62
313.0,32,59
314.0,32,60
315.0,32,59
316.0,33,59
317.0,33,59
318.0,33,60
319.0,34,57
320.0,34,54
321.0,35,53
322.0,35,53
323.0,35,53
324.0,36,51
325.0,37,52
326.0,37,52
327.0,37,51
328.0,38,47
329.0,38,46
330.0,38,46
331.0,38,45
332.0,39,43
333.0,39,43
334.0,41,39
335.0,43,37
336.0,44,36
337.0,45,33
338.0,45,32
339.0,45,33
340.0,46,30
341.0,47,29
342.0,47,27
343.0,48,27
344.0,49,28
345.0,50,27
346.0,51,27
347.0,51,25
348.0,51,25
349.0,51,25
350.0,52,22
351.0,52,21
352.0,53,20
353.0,54,17
354.0,55,17
355.0,55,16
356.0,55,16
357.0,56,14
358.0,56,13
359.0,56,13
360.0,56,13
361.0,56,13
362.0,56,13
363.0,56,14
364.0,56,14
365.0,56,15
366.0,57,13
367.0,57,14
368.0,57,13
369.0,57,13
370.0,58,12
371.0,58,10
372.0,57,12
373.0,57,11
374.0,58,9
375.0,58,9
376.0,58,7
377.0,57,6
378.0,57,7
379.0,57,7
380.0,57,7
381.0,57,7
382.0,57,8
383.0,57,7
384.0,57,7
385.0,57,7
386.0,57,7
387.0,57,7
388.0,56,7
389.0,56,7
390.0,56,8
391.0,56,8
392.0,56,7
393.0,56,9
394.0,56,8
395.0,56,8
396.0,56,9
397.0,55,9
398.0,55,9
399.0,55,10
400.0,55,9
401.0,55,9
402.0,54,11
403.0,52,13
404.0,52,14
405.0,52,14
406.0,51,15
407.0,50,15
408.0,49,14
409.0,50,12
410.0,49,13
411.0,49,13
412.0,48,16
413.0,48,17
414.0,48,15
415.0,48,15
416.0,48,16
417.0,48,16
418.0,48,14
419.0,48,14
420.0,48,13
421.0,48,14
422.0,48,13
423.0,48,14
424.0,47,13
425.0,48,11
426.0,48,10
427.0,47,9
428.0,46,9
429.0,46,8
430.0,46,9
431.0,45,7
432.0,45,7
433.0,45,8
434.0,43,8
435.0,43,7
436.0,42,7
437.0,41,8
438.0,41,6
439.0,41,7
440.0,42,6
441.0,42,6
442.0,42,5
443.0,42,6
444.0,41,7
445.0,41,6
446.0,41,6
447.0,41,6
448.0,41,6
449.0,41,4
450.0,41,5
451.0,41,7
452.0,41,7
453.0,41,7
454.0,41,8
455.0,41,8
456.0,40,7
457.0,41,6
458.0,40,7
459.0,39,8
460.0,38,9
461.0,38,8
462.0,38,8
463.0,38,10
464.0,38,10
465.0,38,11
466.0,37,10
467.0,36,11
468.0,36,11
469.0,35,11
470.0,35,11
471.0,35,11
472.0,35,10
473.0,35,10
474.0,35,10
475.0,34,10
476.0,34,10
477.0,34,9
478.0,34,8
479.0,34,9
480.0,34,10
481.0,34,10
482.0,32,10
483.0,32,10
484.0,32,10
485.0,31,11
486.0,31,10
487.0,31,10
488.0,31,10
489.0,31,10
490.0,31,10
491.0,31,9
492.0,31,10
493.0,31,9
494.0,31,10
495.0,31,10
496.0,30,10
497.0,30,10
498.0,30,11
499.0,30,12
500.0,30,12
501.0,29,11
502.0,29,11
503.0,27,11
504.0,27,11
505.0,27,11
506.0,27,11
507.0,27,11
508.0,27,9
509.0,26,11
510.0,26,11
511.0,26,10
512.0,26,10
513.0,25,10
514.0,25,10
515.0,25,11
516.0,25,11
517.0,25,13
518.0,25,13
519.0,25,13
520.0,25,14
521.0,25,15
522.0,25,15
523.0,24,14
524.0,24,15
525.0,24,15
526.0,24,15
527.0,24,14
528.0,24,14
529.0,24,14
530.0,24,14
531.0,25,13
532.0,25,13
533.0,25,13
534.0,25,13
535.0,24,15
536.0,24,15
537.0,24,15
538.0,24,16
539.0,24,16
540.0,22,16
541.0,21,16
542.0,21,17
543.0,21,16
544.0,21,17
545.0,21,17
546.0,21,17
547.0,21,17
548.0,21,17
549.0,21,18
550.0,21,18
551.0,21,18
552.0,21,17
553.0,20,18
554.0,20,18
555.0,20,17
556.0,20,18
557.0,19,18
558.0,19,19
559.0,19,19
560.0,19,20
561.0,19,20
562.0,19,19
563.0,18,19
564.0,18,18
565.0,18,19
566.0,18,18
567.0,18,18
568.0,18,18
569.0,18,19
570.0,17,19
571.0,16,19
572.0,16,20
573.0,16,20
574.0,16,20
575.0,16,20
576.0,16,19
577.0,16,19
578.0,16,20
579.0,16,21
580.0,16,22
581.0,16,22
582.0,16,21
583.0,16,21
584.0,16,21
585.0,16,21
586.0,16,22
587.0,16,21
588.0,17,21
589.0,18,20
590.0,18,20
591.0,18,20
592.0,18,20
593.0,18,21
594.0,18,21
595.0,17,21
596.0,17,23
597.0,17,25
598.0,17,24
599.0,17,23
600.0,17,23
601.0,17,24
602.0,17,26
603.0,17,27
604.0,17,27
605.0,17,26
606.0,16,27
607.0,16,27
608.0,16,27
609.0,16,27
610.0,16,27
611.0,16,27
612.0,16,27
613.0,17,27
614.0,18,25
615.0,18,25
616.0,18,25
617.0,18,25
618.0,19,24
619.0,19,23
620.0,19,24
621.0,19,23
622.0,19,23
623.0,19,25
624.0,18,24
625.0,19,22
626.0,20,20
627.0,20,24
628.0,21,22
629.0,21,22
630.0,21,23
631.0,21,22
632.0,21,22
633.0,21,21
634.0,21,20
635.0,21,22
636.0,21,21
637.0,21,21
638.0,21,21
639.0,21,20
640.0,21,20
641.0,21,20
642.0,21,21
643.0,21,21
644.0,21,22
645.0,21,22
646.0,21,22
647.0,21,20
648.0,21,20
649.0,21,19
650.0,21,22
651.0,21,22
652.0,20,22
653.0,20,21
654.0,20,21
655.0,20,21
656.0,20,21
657.0,21,20
658.0,21,21
659.0,21,22
660.0,21,22
661.0,21,23
662.0,21,23
663.0,22,22
664.0,22,23
665.0,22,22
666.0,22,22
667.0,22,22
668.0,22,23
669.0,22,23
670.0,23,23
671.0,23,22
672.0,23,21
673.0,23,22
674.0,23,22
675.0,23,22
676.0,23,22
677.0,23,22
678.0,23,21
679.0,23,22
680.0,23,22
681.0,23,22
682.0,24,20
683.0,24,20
684.0,24,20
685.0,24,21
686.0,24,22
687.0,24,23
688.0,24,22
689.0,24,22
690.0,24,23
691.0,24,22
692.0,24,21
693.0,24,21
694.0,25,19
695.0,25,19
696.0,25,20
697.0,25,20
698.0,25,20
699.0,25,20
700.0,24,21
701.0,24,21
702.0,24,22
703.0,24,23
704.0,24,23
705.0,24,23
706.0,24,23
707.0,23,25
708.0,23,25
709.0,23,25
710.0,23,26
711.0,23,29
712.0,23,30
713.0,24,29
714.0,24,29
715.0,24,31
716.0,24,31
717.0,24,32
718.0,24,31
719.0,24,32
720.0,24,31
721.0,24,31
722.0,24,30
723.0,24,29
724.0,24,29
725.0,24,28
726.0,24,28
727.0,24,28
728.0,24,27
729.0,24,26
730.0,24,24
731.0,24,24
732.0,24,24
733.0,23,24
734.0,23,24
735.0,23,24
736.0,23,24
737.0,24,22
738.0,24,22
739.0,24,22
740.0,24,22
741.0,24,22
742.0,24,22
743.0,25,20
744.0,25,20
745.0,25,18
746.0,25,18
747.0,25,18
748.0,26,17
749.0,26,18
750.0,26,19
751.0,26,21
752.0,26,20
753.0,26,20
754.0,26,20
755.0,27,19
756.0,27,16
757.0,26,16
758.0,26,16
759.0,26,17
760.0,26,18
761.0,26,18
762.0,26,17
763.0,26,16
764.0,26,15
765.0,26,16
766.0,27,16
767.0,27,16
768.0,27,15
769.0,27,15
770.0,27,15
771.0,27,15
772.0,27,15
773.0,27,16
774.0,27,15
775.0,25,15
776.0,25,16
777.0,25,15
778.0,25,15
779.0,26,13
780.0,26,13
781.0,27,13
782.0,27,13
783.0,27,12
784.0,27,12
785.0,27,13
786.0,27,12
787.0,27,11
788.0,27,11
789.0,26,12
790.0,26,12
791.0,26,12
792.0,26,12
793.0,26,12
794.0,26,11
795.0,26,11
796.0,26,11
797.0,26,10
798.0,26,11
799.0,26,12
800.0,26,12
801.0,26,14
802.0,26,13
803.0,26,12
804.0,26,11
805.0,26,12
806.0,26,11
807.0,26,12
808.0,26,12
809.0,26,12
810.0,26,13
811.0,26,14
812.0,26,14
813.0,26,14
814.0,26,14
815.0,26,14
816.0,26,15
817.0,26,14
818.0,25,14
819.0,25,16
820.0,24,18
821.0,25,15
822.0,25,15
823.0,25,15
824.0,26,14
825.0,26,14
826.0,26,15
827.0,26,15
828.0,26,16
829.0,26,17
830.0,26,17
831.0,26,17
832.0,26,17
833.0,26,18
834.0,26,18
835.0,26,17
836.0,26,16
837.0,26,17
838.0,26,19
839.0,26,20
840.0,26,20
841.0,26,20
842.0,26,19
843.0,25,19
844.0,25,19
845.0,25,20
846.0,25,21
847.0,25,21
848.0,25,24
849.0,25,24
850.0,26,22
851.0,26,23
852.0,27,22
853.0,27,23
854.0,27,23
855.0,27,23
856.0,27,21
857.0,27,21
858.0,27,19
859.0,27,19
860.0,27,18
861.0,27,18
862.0,27,19
863.0,27,19
864.0,27,16
865.0,27,16
866.0,27,16
867.0,27,17
868.0,27,17
869.0,27,17
870.0,27,18
871.0,27,17
872.0,27,17
873.0,27,19
874.0,27,19
875.0,27,19
876.0,27,19
877.0,27,18
878.0,27,17
879.0,26,16
880.0,27,15
881.0,27,16
882.0,27,15
883.0,27,15
884.0,27,15
885.0,27,16
886.0,27,16
887.0,27,16
888.0,27,16
889.0,27,16
890.0,26,16
891.0,25,17
892.0,25,17
893.0,25,17
894.0,25,17
895.0,25,17
896.0,26,16
897.0,26,18
898.0,25,18
899.0,25,20
900.0,26,22
901.0,27,22
902.0,27,23
903.0,27,24
904.0,27,24
905.0,27,23
906.0,27,23
907.0,27,23
908.0,27,23
909.0,27,24
910.0,27,24
911.0,27,23
912.0,28,23
913.0,28,22
914.0,28,22
915.0,28,24
916.0,28,23
917.0,28,23
918.0,28,23
919.0,29,21
920.0,29,21
921.0,30,21
922.0,30,22
923.0,30,22
924.0,30,22
925.0,30,21
926.0,30,20
927.0,30,20
928.0,29,20
929.0,29,21
930.0,30,20
931.0,29,21
932.0,29,16
933.0,30,15
934.0,30,15
935.0,30,15
936.0,30,14
937.0,30,14
938.0,30,14
939.0,30,14
940.0,30,15
941.0,30,16
942.0,31,15
943.0,32,12
944.0,32,12
945.0,32,12
946.0,32,12
947.0,33,13
948.0,33,13
949.0,33,12
950.0,34,9
951.0,34,9
952.0,34,10
953.0,34,9
954.0,33,10
955.0,32,11
956.0,32,11
957.0,32,12
958.0,32,11
959.0,32,12
960.0,32,12
961.0,33,10
962.0,32,11
963.0,32,12
964.0,32,12
965.0,32,13
966.0,32,13
967.0,32,15
968.0,32,17
969.0,33,17
970.0,33,16
971.0,32,15
972.0,32,16
973.0,32,15
974.0,32,16
975.0,32,16
976.0,32,17
977.0,32,17
978.0,32,18
979.0,32,19
980.0,32,18
981.0,32,16
982.0,33,16
983.0,33,16
984.0,33,16
985.0,33,18
986.0,33,18
987.0,33,20
988.0,33,21
989.0,34,18
990.0,34,18
991.0,34,18
992.0,34,18
993.0,34,18
994.0,35,16
995.0,36,15
996.0,35,18
997.0,36,17
998.0,36,17
999.0,36,16
1000.0,36,17
1001.0,35,17
1002.0,34,18
1003.0,34,16
1004.0,34,16
1005.0,34,15
1006.0,34,14
1007.0,34,14
1008.0,34,15
1009.0,34,15
1010.0,34,13
1011.0,34,14
1012.0,34,14
1013.0,34,13
1014.0,33,12
1015.0,34,11
1016.0,34,11
1017.0,35,12
1018.0,35,12
1019.0,35,10
1020.0,35,11
1021.0,34,13
1022.0,34,12
1023.0,34,13
1024.0,33,12
1025.0,33,11
1026.0,33,11
1027.0,33,12
1028.0,33,12
1029.0,33,12
1030.0,33,13
1031.0,32,13
1032.0,32,13
1033.0,32,13
1034.0,32,14
1035.0,31,13
1036.0,31,12
1037.0,31,12
1038.0,30,12
1039.0,30,13
1040.0,30,13
1041.0,31,13
1042.0,31,13
1043.0,31,12
1044.0,32,12
1045.0,32,14
1046.0,32,14
1047.0,32,14
1048.0,32,14
1049.0,32,14
1050.0,32,15
1051.0,32,12
1052.0,32,12
1053.0,32,14
1054.0,32,14
1055.0,32,15
1056.0,32,15
1057.0,32,16
1058.0,32,16
1059.0,32,14
1060.0,32,14
1061.0,32,14
1062.0,31,14
1063.0,31,14
1064.0,31,13
1065.0,31,11
1066.0,30,11
1067.0,30,12
1068.0,30,12
1069.0,30,12
1070.0,30,12
1071.0,30,11
1072.0,30,11
1073.0,30,12
1074.0,31,13
1075.0,31,14
1076.0,31,14
1077.0,31,12
1078.0,31,12
1079.0,31,12
1080.0,30,15
1081.0,30,14
1082.0,29,14
1083.0,30,12
1084.0,30,12
1085.0,30,12
1086.0,30,12
1087.0,30,11
1088.0,30,11
1089.0,29,11
1090.0,29,12
1091.0,29,14
1092.0,29,13
1093.0,29,13
1094.0,29,12
1095.0,28,12
1096.0,28,11
1097.0,28,11
1098.0,28,12
1099.0,28,11
1100.0,26,11
1101.0,26,12
1102.0,26,12
1103.0,26,13
1104.0,26,13
1105.0,26,13
1106.0,26,13
1107.0,26,13
1108.0,26,13
1109.0,26,13
1110.0,27,11
1111.0,27,11
1112.0,27,11
1113.0,27,13
1114.0,27,14
1115.0,27,14
1116.0,27,15
1117.0,26,16
1118.0,26,17
1119.0,25,14
1120.0,25,15
1121.0,25,15
1122.0,25,14
1123.0,25,15
1124.0,26,14
1125.0,26,14
1126.0,26,14
1127.0,27,13
1128.0,27,13
1129.0,27,12
1130.0,27,12
1131.0,27,12
1132.0,27,12
1133.0,27,12
1134.0,27,12
1135.0,27,12
1136.0,27,12
1137.0,27,12
1138.0,27,12
1139.0,27,14
1140.0,27,13
1141.0,27,12
1142.0,27,13
1143.0,26,14
1144.0,25,14
1145.0,25,14
1146.0,25,15
1147.0,25,14
1148.0,25,15
1149.0,25,15
1150.0,25,15
1151.0,25,16
1152.0,25,16
1153.0,25,16
1154.0,25,17
1155.0,25,17
1156.0,25,17
1157.0,25,17
1158.0,25,17
1159.0,25,19
1160.0,25,20
1161.0,25,22
1162.0,25,23
1163.0,26,22
1164.0,26,21
1165.0,25,19
1166.0,25,18
1167.0,25,19
1168.0,25,20
1169.0,25,19
1170.0,25,20
1171.0,25,19
1172.0,25,19
1173.0,25,20
1174.0,24,20
1175.0,24,19
1176.0,24,19
1177.0,24,18
1178.0,24,17
1179.0,24,18
1180.0,24,18
1181.0,24,19
1182.0,23,19
1183.0,22,19
1184.0,22,21
1185.0,23,20
1186.0,23,21
1187.0,23,21
1188.0,23,20
1189.0,23,20
1190.0,23,21
1191.0,22,21
1192.0,21,21
1193.0,21,20
1194.0,21,20
1195.0,21,20
1196.0,21,20
1197.0,19,20
1198.0,19,22
1199.0,19,24
1200.0,18,23
1201.0,18,24
1202.0,18,24
1203.0,18,24
1204.0,18,26
1205.0,18,27
1206.0,18,27
1207.0,18,26
1208.0,18,27
1209.0,18,28
1210.0,18,31
1211.0,18,31
1212.0,18,30
1213.0,18,30
1214.0,18,32
1215.0,18,33
1216.0,18,33
1217.0,18,34
1218.0,19,33
1219.0,19,34
1220.0,19,34
1221.0,19,32
1222.0,19,32
1223.0,19,32
1224.0,19,31
1225.0,19,31
1226.0,18,30
1227.0,17,29
1228.0,18,30
1229.0,18,30
1230.0,18,29
1231.0,18,30
1232.0,18,29
1233.0,17,29
1234.0,17,29
1235.0,17,30
1236.0,17,31
1237.0,17,29
1238.0,17,29
1239.0,17,28
1240.0,18,27
1241.0,19,26
1242.0,19,26
1243.0,19,25
1244.0,18,26
1245.0,18,26
1246.0,18,26
1247.0,18,27
1248.0,18,29
1249.0,18,30
1250.0,18,30
1251.0,18,30
1252.0,19,29
1253.0,19,29
1254.0,19,29
1255.0,19,30
1256.0,19,30
1257.0,19,30
1258.0,19,32
1259.0,19,34
1260.0,19,34
1261.0,19,34
1262.0,19,34
1263.0,18,34
1264.0,18,33
1265.0,18,34
1266.0,18,33
1267.0,18,34
1268.0,18,35
1269.0,18,35
1270.0,18,35
1271.0,18,36
1272.0,18,32
1273.0,18,32
1274.0,18,32
1275.0,18,31
1276.0,18,33
1277.0,18,33
1278.0,18,33
1279.0,18,33
1280.0,19,31
1281.0,19,31
1282.0,21,32
1283.0,21,30
1284.0,21,30
1285.0,22,29
1286.0,22,27
1287.0,21,27
1288.0,21,29
1289.0,21,26
1290.0,22,25
1291.0,22,25
1292.0,22,25
1293.0,22,25
1294.0,22,25
1295.0,22,26
1296.0,22,28
1297.0,22,29
1298.0,22,29
1299.0,22,29
1300.0,23,29
1301.0,24,26
1302.0,24,25
1303.0,25,24
1304.0,25,24
1305.0,25,25
1306.0,25,23
1307.0,25,23
1308.0,25,24
1309.0,25,26
1310.0,25,26
1311.0,25,26
1312.0,25,25
1313.0,25,25
1314.0,25,25
1315.0,25,25
1316.0,25,25
1317.0,25,25
1318.0,25,24
1319.0,25,23
1320.0,25,23
1321.0,25,23
1322.0,25,23
1323.0,25,24
1324.0,25,24
1325.0,26,24
1326.0,27,23
1327.0,27,23
1328.0,28,22
1329.0,28,22
1330.0,28,23
1331.0,28,23
1332.0,28,21
1333.0,29,20
1334.0,29,22
1335.0,29,24
1336.0,29,25
1337.0,29,25
1338.0,29,25
1339.0,29,27
1340.0,29,27
1341.0,29,26
1342.0,29,26
1343.0,29,26
1344.0,29,26
1345.0,29,24
1346.0,29,22
1347.0,30,21
1348.0,30,21
1349.0,30,21
1350.0,30,21
1351.0,30,24
1352.0,30,24
1353.0,32,22
1354.0,32,22
1355.0,33,23
1356.0,33,22
1357.0,34,21
1358.0,34,21
1359.0,34,23
1360.0,35,22
1361.0,35,22
1362.0,35,20
1363.0,34,20
1364.0,34,20
1365.0,34,19
1366.0,34,19
1367.0,34,20
1368.0,34,20
1369.0,34,20
1370.0,34,18
1371.0,34,19
1372.0,34,19
1373.0,34,19
1374.0,34,17
1375.0,34,16
1376.0,34,16
1377.0,34,17
1378.0,34,18
1379.0,34,18
1380.0,34,18
1381.0,34,18
1382.0,33,16
1383.0,33,15
1384.0,33,15
1385.0,33,15
1386.0,33,15
1387.0,34,15
1388.0,34,15
1389.0,34,16
1390.0,34,16
1391.0,34,17
1392.0,34,18
1393.0,34,17
1394.0,34,17
1395.0,34,17
1396.0,34,18
1397.0,34,19
1398.0,34,19
1399.0,34,20
1400.0,33,20
1401.0,33,20
1402.0,33,20
1403.0,33,20
1404.0,33,19
1405.0,33,19
1406.0,33,19
1407.0,33,18
1408.0,34,18
1409.0,34,17
1410.0,34,17
1411.0,34,16
1412.0,34,15
1413.0,34,16
1414.0,34,15
1415.0,34,17
1416.0,34,16
1417.0,34,17
1418.0,33,19
1419.0,33,18
1420.0,33,18
1421.0,33,19
1422.0,33,18
1423.0,34,17
1424.0,33,17
1425.0,33,17
1426.0,32,18
1427.0,32,17
1428.0,31,17
1429.0,31,17
1430.0,31,17
1431.0,31,18
1432.0,31,16
1433.0,31,15
1434.0,31,15
1435.0,29,15
1436.0,29,15
1437.0,29,15
1438.0,29,18
1439.0,29,17
1440.0,28,17
1441.0,28,17
1442.0,28,17
1443.0,28,18
1444.0,28,18
1445.0,28,19
1446.0,27,17
1447.0,26,16
1448.0,26,16
1449.0,26,16
1450.0,27,14
1451.0,27,14
1452.0,27,13
1453.0,27,12
1454.0,27,12
1455.0,27,12
1456.0,27,12
1457.0,27,15
1458.0,27,16
1459.0,27,18
1460.0,27,18
1461.0,27,18
1462.0,27,18
1463.0,27,18
1464.0,27,19
1465.0,27,21
1466.0,27,21
1467.0,27,21
1468.0,27,20
1469.0,27,20
1470.0,27,21
1471.0,27,21
1472.0,27,22
1473.0,27,23
1474.0,27,21
1475.0,27,22
1476.0,27,23
1477.0,28,20
1478.0,28,19
1479.0,28,19
1480.0,30,18
1481.0,30,18
1482.0,30,16
1483.0,30,17
1484.0,30,17
1485.0,30,18
1486.0,31,18
1487.0,31,18
1488.0,32,17
1489.0,32,18
1490.0,32,18
1491.0,32,18
1492.0,33,17
1493.0,33,16
1494.0,33,15
1495.0,33,15
1496.0,33,16
1497.0,33,17
1498.0,33,15
1499.0,33,16
1500.0,33,15
1501.0,33,15
1502.0,33,16
1503.0,33,15
1504.0,33,14
1505.0,32,16
1506.0,34,14
1507.0,34,14
1508.0,33,14
1509.0,34,13
1510.0,33,13
1511.0,32,13
1512.0,32,12
1513.0,31,13
1514.0,31,12
1515.0,31,14
1516.0,31,16
1517.0,32,14
1518.0,32,14
1519.0,31,13
1520.0,31,14
1521.0,31,15
1522.0,31,15
1523.0,31,15
1524.0,31,16
1525.0,31,16
1526.0,31,16
1527.0,31,16
1528.0,30,19
1529.0,31,16
1530.0,31,16
1531.0,31,17
1532.0,31,17
1533.0,30,16
1534.0,30,17
1535.0,30,17
1536.0,30,17
1537.0,29,17
1538.0,29,17
1539.0,29,16
1540.0,29,16
1541.0,28,17
1542.0,28,17
1543.0,27,18
1544.0,27,18
1545.0,27,18
1546.0,27,20
1547.0,27,20
1548.0,27,20
1549.0,27,20
1550.0,26,20
1551.0,26,19
1552.0,26,20
1553.0,25,21
1554.0,25,22
1555.0,25,23
1556.0,25,24
1557.0,25,24
1558.0,25,24
1559.0,25,25
1560.0,26,24
1561.0,26,24
1562.0,26,23
1563.0,25,23
1564.0,25,23
1565.0,25,23
1566.0,25,23
1567.0,25,25
1568.0,25,23
1569.0,25,23
1570.0,25,23
1571.0,25,24
1572.0,25,24
1573.0,25,23
1574.0,25,24
1575.0,25,22
1576.0,25,22
1577.0,26,20
1578.0,26,19
1579.0,26,19
1580.0,22,19
1581.0,22,20
1582.0,22,19
1583.0,23,19
1584.0,23,20
1585.0,23,21
1586.0,23,20
1587.0,23,20
1588.0,23,21
1589.0,23,20
1590.0,22,20
1591.0,22,20
1592.0,22,20
1593.0,22,19
1594.0,22,19
1595.0,22,20
1596.0,22,20
1597.0,22,19
1598.0,22,19
1599.0,22,20
1600.0,22,19
1601.0,22,18
1602.0,22,18
1603.0,22,18
1604.0,22,18
1605.0,22,18
1606.0,22,17
1607.0,22,18
1608.0,22,17
1609.0,22,17
1610.0,22,17
1611.0,22,16
1612.0,22,15
1613.0,22,16
1614.0,23,15
1615.0,23,15
1616.0,23,17
1617.0,23,18
1618.0,23,18
1619.0,23,20
1620.0,23,21
1621.0,23,21
1622.0,23,21
1623.0,23,21
1624.0,23,21
1625.0,23,21
1626.0,23,22
1627.0,23,22
1628.0,24,21
1629.0,24,21
1630.0,24,21
1631.0,24,20
1632.0,23,20
1633.0,23,20
1634.0,23,19
1635.0,23,20
1636.0,23,20
1637.0,23,20
1638.0,23,20
1639.0,23,20
1640.0,23,21
1641.0,23,22
1642.0,23,22
1643.0,23,22
1644.0,23,22
1645.0,23,22
1646.0,24,21
1647.0,24,22
1648.0,24,21
1649.0,24,21
1650.0,24,21
1651.0,24,21
1652.0,24,21
1653.0,24,21
1654.0,24,20
1655.0,24,20
1656.0,24,20
1657.0,24,20
1658.0,24,20
1659.0,24,21
1660.0,23,20
1661.0,23,20
1662.0,23,19
1663.0,23,19
1664.0,23,20
1665.0,23,22
1666.0,23,21
1667.0,23,20
1668.0,23,19
1669.0,23,19
1670.0,23,18
1671.0,23,18
1672.0,23,18
1673.0,23,18
1674.0,23,18
1675.0,23,18
1676.0,23,18
1677.0,23,18
1678.0,23,17
1679.0,23,18
1680.0,23,18
1681.0,23,18
1682.0,23,18
1683.0,23,19
1684.0,23,20
1685.0,23,20
1686.0,23,19
1687.0,23,19
1688.0,23,19
1689.0,24,18
1690.0,24,17
1691.0,24,16
1692.0,24,16
1693.0,24,16
1694.0,25,14
1695.0,25,15
1696.0,25,16
1697.0,25,16
1698.0,25,16
1699.0,25,16
1700.0,24,16
1701.0,25,16
1702.0,25,17
1703.0,25,17
1704.0,25,17
1705.0,25,17
1706.0,24,17
1707.0,24,18
1708.0,24,17
1709.0,24,17
1710.0,24,19
1711.0,24,19
1712.0,25,17
1713.0,25,17
1714.0,25,16
1715.0,26,15
1716.0,26,16
1717.0,25,15
1718.0,25,15
1719.0,25,15
1720.0,25,15
1721.0,25,14
1722.0,25,14
1723.0,25,14
1724.0,25,15
1725.0,25,16
1726.0,25,17
1727.0,23,16
1728.0,23,17
1729.0,22,17
1730.0,22,16
1731.0,22,16
1732.0,22,18
1733.0,21,18
1734.0,21,17
1735.0,21,18
1736.0,21,18
1737.0,21,18
1738.0,21,19
1739.0,21,19
1740.0,21,18
1741.0,21,18
1742.0,21,18
1743.0,21,18
1744.0,21,18
1745.0,21,18
1746.0,20,18
1747.0,20,21
1748.0,20,21
1749.0,20,23
1750.0,20,23
1751.0,20,23
1752.0,19,23
1753.0,19,24
1754.0,19,24
1755.0,19,26
1756.0,19,26
1757.0,19,26
1758.0,19,26
1759.0,19,27
1760.0,18,28
1761.0,18,29
1762.0,18,29
1763.0,18,29
1764.0,18,29
1765.0,18,29
1766.0,18,29
1767.0,18,29
1768.0,18,27
1769.0,18,28
1770.0,18,29
1771.0,18,30
1772.0,18,29
1773.0,18,29
1774.0,18,27
1775.0,18,28
1776.0,18,27
1777.0,18,27
1778.0,18,27
1779.0,18,26
1780.0,18,26
1781.0,18,27
1782.0,18,26
1783.0,18,26
1784.0,18,26
1785.0,18,26
1786.0,18,26
1787.0,18,27
1788.0,18,28
1789.0,18,28
1790.0,18,29
1791.0,18,29
1792.0,18,30
1793.0,18,30
1794.0,17,30
1795.0,17,30
1796.0,17,30
1797.0,17,30
1798.0,17,30
1799.0,17,30
1800.0,17,32
1801.0,16,32
1802.0,16,32
1803.0,16,32
1804.0,16,32
1805.0,17,31
1806.0,17,32
1807.0,17,31
1808.0,17,31
1809.0,16,31
1810.0,16,31
1811.0,16,31
1812.0,16,32
1813.0,16,33
1814.0,16,34
1815.0,15,35
1816.0,15,35
1817.0,15,36
1818.0,15,36
1819.0,15,36
1820.0,15,35
1821.0,15,36
1822.0,15,35
1823.0,15,34
1824.0,15,34
1825.0,14,35
1826.0,14,36
1827.0,14,36
1828.0,14,36
1829.0,14,36
1830.0,14,36
1831.0,14,37
1832.0,14,37
1833.0,14,36
1834.0,14,36
1835.0,14,36
1836.0,13,37
1837.0,13,38
1838.0,13,38
1839.0,12,38
1840.0,12,38
1841.0,12,38
1842.0,12,38
1843.0,12,39
1844.0,13,38
1845.0,13,37
1846.0,13,36
1847.0,13,36
1848.0,13,36
1849.0,14,35
1850.0,15,32
1851.0,15,32
1852.0,15,32
1853.0,14,32
1854.0,14,32
1855.0,14,33
1856.0,14,32
1857.0,13,33
1858.0,13,33
1859.0,13,33
1860.0,14,31
1861.0,14,31
1862.0,14,32
1863.0,14,30
1864.0,14,30
1865.0,14,30
1866.0,14,30
1867.0,14,31
1868.0,14,33
1869.0,14,33
1870.0,14,33
1871.0,15,31
1872.0,15,31
1873.0,14,31
1874.0,14,32
1875.0,14,32
1876.0,14,33
1877.0,14,33
1878.0,14,33
1879.0,14,32
1880.0,14,33
1881.0,14,35
1882.0,15,33
1883.0,15,33
1884.0,15,31
1885.0,15,32
1886.0,16,31
1887.0,16,31
1888.0,16,33
1889.0,16,34
1890.0,16,33
1891.0,16,34
1892.0,16,34
1893.0,16,33
1894.0,18,33
1895.0,18,34
1896.0,18,34
1897.0,18,34
1898.0,18,34
1899.0,18,34
1900.0,18,33
1901.0,18,32
1902.0,18,32
1903.0,18,32
1904.0,18,33
1905.0,18,34
1906.0,18,35
1907.0,18,35
1908.0,19,34
1909.0,19,34
1910.0,19,34
1911.0,20,31
1912.0,19,30
1913.0,19,30
1914.0,19,31
1915.0,20,29
1916.0,20,28
1917.0,20,27
1918.0,20,28
1919.0,20,29
1920.0,20,29
1921.0,21,28
1922.0,21,28
1923.0,21,29
1924.0,21,28
1925.0,21,27
1926.0,21,28
1927.0,21,29
1928.0,21,29
1929.0,21,30
1930.0,21,30
1931.0,21,29
1932.0,22,28
1933.0,22,28
1934.0,23,26
1935.0,23,27
1936.0,23,27
1937.0,24,26
1938.0,23,25
1939.0,24,24
1940.0,24,24
1941.0,24,24
1942.0,24,21
1943.0,25,19
1944.0,25,20
1945.0,25,21
1946.0,25,21
1947.0,25,20
1948.0,25,20
1949.0,24,20
1950.0,24,20
1951.0,24,20
1952.0,24,20
1953.0,24,21
1954.0,24,21
1955.0,24,21
1956.0,24,21
1957.0,24,21
1958.0,25,21
1959.0,25,19
1960.0,25,19
1961.0,25,19
1962.0,25,21
1963.0,26,21
1964.0,26,22
1965.0,26,22
1966.0,26,23
1967.0,26,24
1968.0,26,24
1969.0,26,23
1970.0,26,22
1971.0,26,22
1972.0,26,20
1973.0,26,20
1974.0,26,19
1975.0,26,18
1976.0,27,16
1977.0,27,16
1978.0,27,17
1979.0,27,18
1980.0,27,19
1981.0,27,19
1982.0,27,19
1983.0,27,19
1984.0,27,21
1985.0,27,20
1986.0,27,20
1987.0,27,19
1988.0,27,19
1989.0,27,19
1990.0,27,20
1991.0,27,19
1992.0,28,17
1993.0,28,17
1994.0,28,17
1995.0,28,16
1996.0,28,16
1997.0,28,15
1998.0,28,15
1999.0,28,15
2000.0,28,14
2001.0,28,17
2002.0,28,18
2003.0,28,17
2004.0,28,17
2005.0,28,16
2006.0,28,16
2007.0,28,16
2008.0,28,16
2009.0,29,16
2010.0,29,16
2011.0,29,15
2012.0,29,17
2013.0,29,18
2014.0,29,18
2015.0,29,18
2016.0,29,18
2017.0,29,19
2018.0,29,18
2019.0,29,17
2020.0,29,18
2021.0,28,16
2022.0,28,16
2023.0,28,16
2024.0,28,17
2025.0,28,17
2026.0,28,18
2027.0,28,18
2028.0,27,18
2029.0,27,18
2030.0,27,18
2031.0,27,20
2032.0,26,19
2033.0,26,20
2034.0,26,20
2035.0,26,21
2036.0,26,22
2037.0,26,22
2038.0,26,23
2039.0,26,23
2040.0,26,24
2041.0,26,22
2042.0,26,22
2043.0,26,22
2044.0,26,22
2045.0,26,22
2046.0,26,22
2047.0,26,23
2048.0,26,23
2049.0,25,23
2050.0,25,23
2051.0,24,23
2052.0,24,21
2053.0,24,22
2054.0,24,24
2055.0,24,23
2056.0,24,24
2057.0,24,24
2058.0,25,23
2059.0,25,23
2060.0,25,23
2061.0,25,24
2062.0,25,24
2063.0,24,24
2064.0,24,25
2065.0,24,26
2066.0,24,26
2067.0,24,26
2068.0,24,25
2069.0,24,25
2070.0,24,24
2071.0,24,26
2072.0,24,27
2073.0,24,27
2074.0,24,25
2075.0,25,24
2076.0,24,24
2077.0,24,24
2078.0,24,23
2079.0,24,24
2080.0,24,25
2081.0,24,25
2082.0,24,24
2083.0,24,24
2084.0,24,25
2085.0,24,25
2086.0,24,25
2087.0,24,27
2088.0,24,26
2089.0,24,24
2090.0,24,24
2091.0,24,25
2092.0,24,23
2093.0,24,23
2094.0,23,24
2095.0,23,24
2096.0,23,24
2097.0,23,24
2098.0,23,24
2099.0,24,24
2100.0,24,23
2101.0,24,23
2102.0,24,23
2103.0,24,22
2104.0,24,23
2105.0,24,22
2106.0,23,22
2107.0,24,22
2108.0,24,21
2109.0,24,22
2110.0,23,21
2111.0,23,23
2112.0,23,23
2113.0,24,22
2114.0,24,22
2115.0,24,22
2116.0,24,20
2117.0,24,20
2118.0,24,20
2119.0,24,20
2120.0,24,20
2121.0,24,21
2122.0,24,23
2123.0,24,24
2124.0,24,24
2125.0,24,23
2126.0,24,23
2127.0,24,24
2128.0,24,24
2129.0,24,24
2130.0,24,25
2131.0,24,24
2132.0,23,25
2133.0,23,25
2134.0,23,24
2135.0,23,24
2136.0,23,24
2137.0,24,25
2138.0,24,24
2139.0,24,24
2140.0,24,24
2141.0,24,24
2142.0,24,24
2143.0,24,24
2144.0,25,23
2145.0,25,24
2146.0,25,26
2147.0,25,24
2148.0,25,25
2149.0,25,26
2150.0,25,25
2151.0,25,25
2152.0,25,26
2153.0,25,27
2154.0,25,28
2155.0,25,28
2156.0,25,28
2157.0,25,28
2158.0,24,27
2159.0,23,28
2160.0,23,28
2161.0,22,27
2162.0,23,26
2163.0,23,26
2164.0,23,23
2165.0,23,22
2166.0,23,23
2167.0,23,23
2168.0,23,23
2169.0,23,24
2170.0,24,23
2171.0,23,23
2172.0,24,24
2173.0,24,25
2174.0,24,25
2175.0,25,22
2176.0,25,23
2177.0,25,23
2178.0,25,22
2179.0,25,22
2180.0,25,22
2181.0,25,22
2182.0,25,22
2183.0,26,20
2184.0,26,20
2185.0,26,20
2186.0,26,19
2187.0,26,19
2188.0,26,19
2189.0,26,20
2190.0,26,20
2191.0,26,21
2192.0,24,21
2193.0,24,21
2194.0,23,21
2195.0,23,21
2196.0,23,21
2197.0,23,21
2198.0,23,23
2199.0,22,22
2200.0,22,22
2201.0,22,22
2202.0,22,23
2203.0,22,23
2204.0,22,24
2205.0,22,24
2206.0,22,24
2207.0,22,24
2208.0,21,22
2209.0,21,23
2210.0,21,23
2211.0,21,24
2212.0,21,24
2213.0,20,24
2214.0,20,25
2215.0,20,26
2216.0,20,26
2217.0,20,26
2218.0,21,25
2219.0,22,23
2220.0,22,24
2221.0,22,24
2222.0,22,25
2223.0,22,24
2224.0,22,25
2225.0,22,25
2226.0,22,26
2227.0,22,24
2228.0,22,22
2229.0,22,20
2230.0,22,20
2231.0,22,19
2232.0,23,18
2233.0,23,18
2234.0,23,19
2235.0,23,19
2236.0,22,19
2237.0,22,20
2238.0,22,21
2239.0,23,19
2240.0,23,18
2241.0,23,20
2242.0,23,20
2243.0,23,19
2244.0,23,19
2245.0,23,19
2246.0,24,18
2247.0,24,19
2248.0,24,18
2249.0,24,19
2250.0,24,18
2251.0,24,17
2252.0,24,16
2253.0,24,16
2254.0,24,16
2255.0,24,16
2256.0,24,17
2257.0,24,18
2258.0,24,16
2259.0,24,18
2260.0,24,18
2261.0,24,19
2262.0,24,19
2263.0,23,19
2264.0,23,18
2265.0,23,18
2266.0,23,20
2267.0,23,21
2268.0,23,21
2269.0,23,22
2270.0,23,22
2271.0,23,22
2272.0,23,23
2273.0,23,23
2274.0,24,22
2275.0,24,22
2276.0,24,24
2277.0,24,26
2278.0,24,25
2279.0,25,24
2280.0,25,24
2281.0,26,22
2282.0,26,22
2283.0,26,22
2284.0,27,22
2285.0,27,21
2286.0,27,20
2287.0,25,20
2288.0,25,20
2289.0,24,21
2290.0,24,20
2291.0,25,19
2292.0,24,18
2293.0,24,18
2294.0,25,17
2295.0,25,16
2296.0,25,15
2297.0,25,16
2298.0,25,16
2299.0,25,16
2300.0,25,16
2301.0,25,16
2302.0,25,16
2303.0,25,17
2304.0,25,17
2305.0,25,17
2306.0,25,18
2307.0,25,17
2308.0,25,17
2309.0,25,17
2310.0,25,19
2311.0,25,18
2312.0,25,18
2313.0,25,19
2314.0,24,19
2315.0,24,19
2316.0,24,20
2317.0,24,20
2318.0,25,19
2319.0,25,21
2320.0,25,21
2321.0,25,22
2322.0,25,20
2323.0,25,20
2324.0,25,20
2325.0,25,20
2326.0,25,22
2327.0,25,22
2328.0,25,21
2329.0,25,21
2330.0,25,20
2331.0,25,19
2332.0,25,19
2333.0,25,19
2334.0,25,19
2335.0,25,16
2336.0,25,17
2337.0,25,18
2338.0,25,18
2339.0,25,17
2340.0,25,17
2341.0,25,17
2342.0,25,16
2343.0,25,16
2344.0,25,14
2345.0,25,15
2346.0,25,15
2347.0,25,15
2348.0,25,15
2349.0,25,17
2350.0,25,17
2351.0,25,17
2352.0,25,17
2353.0,25,17
2354.0,25,19
2355.0,25,20
2356.0,25,20
2357.0,25,20
2358.0,25,21
2359.0,25,22
2360.0,25,22
2361.0,25,22
2362.0,25,22
2363.0,25,23
2364.0,25,24
2365.0,24,25
2366.0,24,25
2367.0,24,25
2368.0,23,25
2369.0,23,25
2370.0,23,25
2371.0,23,27
2372.0,22,25
2373.0,22,24
2374.0,21,24
2375.0,21,24
2376.0,21,24
2377.0,21,23
2378.0,21,22
2379.0,21,22
2380.0,21,22
2381.0,21,23
2382.0,21,23
2383.0,21,23
2384.0,21,24
2385.0,21,24
2386.0,21,24
2387.0,21,24
2388.0,21,25
2389.0,21,25
2390.0,21,25
2391.0,21,25
2392.0,21,24
2393.0,21,26
2394.0,22,25
2395.0,22,26
2396.0,22,26
2397.0,22,26
2398.0,22,26
2399.0,22,25
2400.0,22,25
2401.0,22,25
2402.0,22,26
2403.0,22,27
2404.0,22,29
2405.0,22,28
2406.0,22,28
2407.0,23,26
2408.0,23,25
2409.0,23,25
2410.0,23,25
2411.0,23,26
2412.0,23,25
2413.0,23,25
2414.0,23,25
2415.0,23,24
2416.0,23,24
2417.0,23,23
2418.0,24,22
2419.0,25,22
2420.0,25,22
2421.0,25,21
2422.0,25,22
2423.0,25,21
2424.0,25,21
2425.0,25,21
2426.0,25,21
2427.0,25,22
2428.0,25,21
2429.0,25,22
2430.0,25,22
2431.0,25,23
2432.0,25,23
2433.0,24,24
2434.0,24,24
2435.0,24,24
2436.0,24,24
2437.0,24,24
2438.0,25,24
2439.0,25,24
2440.0,25,24
2441.0,25,23
2442.0,26,22
2443.0,26,21
2444.0,26,22
2445.0,26,22
2446.0,26,22
2447.0,26,20
2448.0,26,21
2449.0,26,21
2450.0,27,20
2451.0,27,20
2452.0,27,20
2453.0,27,19
2454.0,27,18
2455.0,27,18
2456.0,27,18
2457.0,27,18
2458.0,28,18
2459.0,29,18
2460.0,29,18
2461.0,29,17
2462.0,29,17
2463.0,29,16
2464.0,29,15
2465.0,29,15
2466.0,29,15
2467.0,29,15
2468.0,29,16
2469.0,29,17
2470.0,28,17
2471.0,28,17
2472.0,28,17
2473.0,29,15
2474.0,29,15
2475.0,28,15
2476.0,28,18
2477.0,30,16
2478.0,31,16
2479.0,30,17
2480.0,30,17
2481.0,31,17
2482.0,31,16
2483.0,31,16
2484.0,30,16
2485.0,30,16
2486.0,30,17
2487.0,30,16
2488.0,30,17
2489.0,30,16
2490.0,30,16
2491.0,30,15
2492.0,30,15
2493.0,30,16
2494.0,30,17
2495.0,30,16
2496.0,29,17
2497.0,29,17
2498.0,29,17
2499.0,29,17
